5_degrees,45_degrees
3.396108,3.6126485
3.397742,3.6194235
3.4017085,3.617397
3.396996,3.6142815
3.393092,3.6210165
3.458976,3.6216765
3.4653475,3.616262
3.45458,3.6157035
3.4646975,3.6080925
3.4641525,3.6125575
3.36,3.534285714
3.386666667,3.59
3.4,3.58
3.41,3.506
3.42,3.568
3.42,3.492
,3.524